20200336,우리 형수님,,한국,2020,최성은
20209522,여선생3 무삭제,,한국,2020,최성은
20209002,지구 침공: 컨테이젼,Invasion Planet Earth,영국(1),2020,
20208617,인베이젼 2020,Invasion,러시아,2020,표도르 본다르추크
20200912,포스 오브 네이쳐,Force of Nature,미국,2020,마이클 폴리쉬
20209506,방콕 어린형수,,한국,2020,신효성
20209496,내 상사의 부인,,한국,2020,김레이
20200143,시누이의 맛,,한국,2020,최정자
20209467,전설의 파이터,,한국,2020,배효민
20201864,바디캠,Body Cam,미국,2020,말릭 비탈
20209848,가슴 큰 앞집 소녀,,한국,2020,이동준
20208991,적인걸 더 파이널,Di Ren Jie Tan An,중국,2020,남지위
20209463,나의 첫 번째 슈퍼스타,The High Note,미국,2020,니샤 가나트라
20201542,착한 형수 5 무삭제,,한국,2020,최찬호
20206761,밀애 : 친구엄마 3,,한국,2020,최찬호
20201548,BIFAN2020 판타스틱 단편 걸작선 12,Fantastic Short Films 12,기타,2020,
20201547,BIFAN2020 판타스틱 단편 걸작선 11,Fantastic Short Films 11,기타,2020,
20201546,BIFAN2020 판타스틱 단편 걸작선 10,Fantastic Short Films 10,기타,2020,
20201582,BIFAN2020 판타스틱 단편 걸작선 9,Fantastic Short Films 9,기타,2020,
20201581,BIFAN2020 판타스틱 단편 걸작선 8,Fantastic Short Films 8,기타,2020,양형석
20201543,BIFAN2020 판타스틱 단편 걸작선 7,Fantastic Short Films 7,기타,2020,
20201441,BIFAN2020 판타스틱 단편 걸작선 6,Fantastic Short Films 6,기타,2020,
20201425,BIFAN2020 판타스틱 단편 걸작선 5,Fantastic Short Films 5,기타,2020,
20201424,BIFAN2020 판타스틱 단편 걸작선 4,Fantastic Short Films 4,기타,2020,
20201423,BIFAN2020 판타스틱 단편 걸작선 3,Fantastic Short Films 3,기타,2020,
20201422,BIFAN2020 판타스틱 단편 걸작선 2,Fantastic Short Films 2,기타,2020,
20208785,새엄마의 욕망,,한국,2020,이동준
20201789,웅비와 인간 아닌 친구들,Ungbi and Non-human Friends,한국,2020,김다민
20201788,너의 시선이 머무는 곳에,Where Your Eyes Linger,한국,2020,황다슬
20201787,손,The Hand,한국,2020,최윤호
20209684,아내의 세계,,한국,2020,왕지방
20200582,리벤지 라이드,Revenge Ride,미국,2020,
20201682,정사 : 사돈처녀 2 무삭제,,한국,2020,최민현
20201421,BIFAN2020 판타스틱 단편 걸작선 1,Fantastic Short Films 1,기타,2020,
20201669,과거에서 온 그것,A Stranger from the Past,네덜란드,2020,
20201561,바람을 심다,Sow the Wind,이탈리아(2),2020,
20208304,스와핑 : 부부모임,,한국,2020,최민현
20201552,전당포,The Bargain,미국(1),2020,
20201587,정무문 2: 전설의 흑협,Fist of Legend,홍콩,2020,
20201549,락다운 28,Lockdown 28,말레이시아,2020,
20201527,사내섹스: 여직원의 불륜,,일본,2020,비바 곤조
20201526,섹스인형: 섹스 전문 리얼돌,,일본,2020,
20201502,유미의 세포들,,한국,2020,
20201436,나무 아이와 숨겨진 어머니의 숲,Wood Child and Hidden Forest Mother,영국,2020,스티븐 어윈
20201445,레플리카,Replica,스페인,2020,
20201430,잠들지 못하는 로라,Laura Hasn't Slept,미국,2020,
20200725,MSFF2020 절대악몽 1,MSFF2020 The Extreme Nightmare 1,한국,2020,
20200723,MSFF2020 비정성시 4,MSFF2020 A City of Sadness 4,한국,2020,
20200743,MSFF2020 비정성시 3,MSFF2020 A City of Sadness 3,한국,2020,
20200722,MSFF2020 비정성시 2,MSFF2020 A City of Sadness 2,한국,2020,
20200742,MSFF2020 비정성시 1,MSFF2020 A City of Sadness 1,한국,2020,
20206228,안상태 첫번째 단편선,Ahn Sang-tae short film collection vol.1,한국,2020,
20200550,맛있는 세자매 2,,한국,2020,천성준
20200726,MSFF2020 절대악몽 2,MSFF2020 The Extreme Nightmare 2,한국,2020,
20208322,호빠오빠,,한국,2020,노현진
20200674,SICAF2020 SICAF 2019 루키어워드 수상작,SICAF2020 SICAF Rookie Awards 2019 Winner,한국,2020,
20200673,SICAF2020 SICAF 월드포커스,SICAF2020 SICAF World Focus,기타,2020,
20200672,SICAF2020 국제 경쟁: SICAF 초이스,SICAF2020 International Competition: SICAF Choice,기타,2020,
20200671,SICAF2020 국제 경쟁: SICAF 키드,SICAF2020 International Competition: SICAF KID,기타,2020,
20200670,SICAF2020 국제 경쟁: SICAF TV&커미션드,SICAF2020 International Competition: SICAF TV&Commissioned,기타,2020,
20200635,SICAF2020 국제 경쟁: 학생 B,SICAF2020 International Competition: Student Film B,기타,2020,
20200868,진주조개잡이,PEARL DIVER,노르웨이,2020,
20200634,SICAF2020 국제 경쟁: 학생 A,SICAF2020 International Competition: Student Film A,기타,2020,
20200632,SICAF2020 국제 경쟁: 단편 B,SICAF2020 International Competition: Short Film B,기타,2020,
20191048,온워드: 단 하루의 기적,Onward,미국,2020,댄 스캔론
20200669,SICAF2020 국제 경쟁: 단편 A,SICAF2020 International Competition: Short Film A,기타,2020,
20201189,욕망 : 친구의 아내 무삭제,,한국,2020,최찬호
20201188,유혹 : 친구엄마 무삭제,,한국,2020,최찬호
20201187,불륜의 끝: 초미녀 광란 섹스,,일본,2020,비바 곤조
20201168,오르가즘 완전 정복: 죽을때까지 할 수 있어,,일본,2020,
20201185,남편 홀린 음란 여대생,,일본,2020,비바 곤조
20201056,꿈을 사는 가게,,한국,2020,이지연
20200750,MSFF2020 4만번의 구타 3,MSFF2020 The 40000 Blows 3,한국,2020,
20200728,MSFF2020 4만번의 구타 2,MSFF2020 The 40000 Blows 2,한국,2020,
20201082,마샤와 곰: 나는 누구?,Masha and the Bear: Who am I,러시아,2020,
20201062,패치워크 스파이더,PATCHWORK SPIDER,독일,2020,앙겔라 스테픈
20201061,늑대야!,Beware the Wolf!,프랑스,2020,줄리 험보빌
20201037,와일드 레아,Wild Lea,콜롬비아,2020,
20201060,멜팅 하트 케이크,Melting Heart Cake,프랑스,2020,
20201034,하늘을 날고 싶은 작은 배,The Little Boat That Wanted to Fly,러시아,2020,
20201057,작은 새와 벌,The little Bird and the Bees,스위스,2020,레나 본 도렌
20200727,MSFF2020 4만번의 구타 1,MSFF2020 The 40000 Blows 1,한국,2020,
20200748,MSFF2020 희극지왕 3,MSFF2020 The King of Comedy 3,한국,2020,
20200747,MSFF2020 희극지왕 2,MSFF2020 The King of Comedy 2,한국,2020,
20200724,MSFF2020 희극지왕 1,MSFF2020 The King of Comedy 1,한국,2020,
20200746,MSFF2020 사랑에 관한 짧은 필름 3,MSFF2020 A Short Film About Love 3,한국,2020,
20200745,MSFF2020 사랑에 관한 짧은 필름 2,MSFF2020 A Short Film About Love 2,한국,2020,
20200744,MSFF2020 사랑에 관한 짧은 필름 1,MSFF2020 A Short Film About Love 1,한국,2020,
20209764,뎁트 콜렉터 2,The debt collectors 2,미국,2020,제시 V. 존슨
20206262,내 아내의 엄마 2,,한국,2020,최찬호
20201001,포톤스,Photons,폴란드,2020,
20200985,시마코와 행운의 부엉이,Lucky Owl with Shimako,일본,2020,"야마시타 노부히로 , 쿠노 요코"
20200984,BT21 유니버스,BT21 UNIVERSE ANIMATION,한국,2020,
20200919,핸디코-다운증후군,Handico - Down Syndrome,프랑스,2020,
20200983,이기의 모험,IGIs Adventure,스웨덴,2020,
20200982,아브라카,Abraca,프랑스,2020,
20200981,그런 거지,The Way Things are,아르헨티나,2020,후안 파블로 자라멜라
20208264,미스비헤이비어,MISBEHAVIOUR,영국,2020,필립파 로소프
20207501,그집,32 Malasana Street,스페인,2020,
20208123,정사 : 친구엄마와 친구누나,,한국,2020,최민현
20207429,정사 : 사돈처녀 2,,한국,2020,최민현
20207405,욕구불만 친구엄마,,한국,2020,최민현
20208124,삼촌의 여자들,,한국,2020,최민현
20200869,시냇물은 어디서 올까,Story of a Beginning,인도,2020,
20200867,겨울,The Winter,호주,2020,
20200832,먼지 바다로,To the dusty sea,프랑스,2020,
20200789,딸기 사탕,Strawberry Candy,중국,2020,
20200788,별빛 속으로,SIDEREA,이탈리아,2020,
20200771,아내의 비밀남자 무삭제,,한국,2020,김석만
20200770,엄마와 딸의 섹스다이어트 무삭제,,한국,2020,김석만
20200781,연어남,Salmon Men,스위스,2020,
20200737,지구는 평평할지 모르지만 우리는 모두 함께 그 위에 있다!,Earth might be flat but we're all on it together!,독일,2020,
20200735,"나, 바르나베","I, Barnab?",캐나다,2020,
20200734,지나가는 사람,The passerby,벨기에,2020,
20200731,수상한 동거,Secret Roommate,한국,2020,강우
20209851,퀘이 형제 특별전: 프로그램 5 - 제21회 전주국제영화제,,기타,2020,
20209902,퀘이 형제 특별전: 프로그램 4 - 제21회 전주국제영화제,,기타,2020,
20209850,퀘이 형제 특별전: 프로그램 3 - 제21회 전주국제영화제,,기타,2020,
20209901,퀘이 형제 특별전: 프로그램 2 - 제21회 전주국제영화제,,영국,2020,
20209849,퀘이 형제 특별전: 프로그램 1 - 제21회 전주국제영화제,,기타,2020,
20209925,영화보다 낯선 6 - 제21회 전주국제영화제,,기타,2020,
20200548,한국단편경쟁 수상작 - 제21회 전주국제영화제,,한국,2020,
20209924,영화보다 낯선 5 - 제21회 전주국제영화제,,기타,2020,
20209923,영화보다 낯선 4 - 제21회 전주국제영화제,,기타,2020,
20209941,영화보다 낯선 3 - 제21회 전주국제영화제,,기타,2020,
20209922,영화보다 낯선 1 - 제21회 전주국제영화제,,기타,2020,
20209854,코리안시네마 단편 3 - 제21회 전주국제영화제,,한국,2020,
20209908,코리안시네마 단편 2 - 제21회 전주국제영화제,,한국,2020,
20209907,코리안시네마 단편 1 - 제21회 전주국제영화제,,한국,2020,
20209853,한국단편경쟁 6 - 제21회 전주국제영화제,,한국,2020,
20209906,한국단편경쟁 5 - 제21회 전주국제영화제,,한국,2020,
20209905,한국단편경쟁 4 - 제21회 전주국제영화제,,한국,2020,
20209852,한국단편경쟁 3 - 제21회 전주국제영화제,,한국,2020,
20209904,한국단편경쟁 2 - 제21회 전주국제영화제,,한국,2020,
20209903,한국단편경쟁 1 - 제21회 전주국제영화제,,한국,2020,
20200547,쪽빛보다 푸른,Bluer than indigo,한국,2020,유용지
20200643,media art work screening 열네 번째 정기 상영회,,한국,2020,
20206244,여자 동창들 : 친구 오빠와 섹스한 날,,한국,2020,최민현
20209645,애원하는 유부녀,,한국,2020,천성준
20200327,로스콘둑토스,Los Conductos,프랑스(2),2020,
20200348,3.30 PM,3.30 PM,오스트리아,2020,
20200326,안나 아초리의 노트 - 시간 여행의 거울,Gli appunti di Anna Azzori,독일(2),2020,
20200342,바다가 없는 마을,Town without Sea,일본,2020,이케다 에라이자
20159963,일시,Flash,한국,2020,오세현
20200233,열차의 출구,Iesirea trenurilor din gara,루마니아,2020,라두 주데
20200289,"애니메이션의 연금술사, 얀 슈반크마예르",Athanor - The Alchemical Furnace,체코,2020,
20200287,살아 있는 자,Vivos,독일,2020,
20200284,양치기 여성과 일곱 노래,Laila Aur Satt Geet,인도,2020,푸시펜드라 싱
20200229,미친 사랑,Naomi,일본,2020,
20200227,이사벨라,Isabella,아르헨티나,2020,마티아스 피녜이로
20200226,그녀 홀로,,중국,2020,
20200191,그녀 방의 구름,The Cloud in Her Room,홍콩(1),2020,
20200146,시베리아,Siberia,이탈리아(2),2020,아벨 페라라
20209937,홀아비의 탱고와 뒤틀린 거울,THE TANGO OF THE WIDOWER And Its Distorting Mirror,칠레,2020,"라울 루이즈 , 발레리아 사미엔토"
20209936,마르가리타의 선율,Medium,아르헨티나,2020,
20209930,잠수함이 갖고 싶은 소년,Window Boy Would Also Like to Have a Submarine,우루과이(4),2020,
20209928,그해 우리가 발견한 것,The Year of the Discovery,스페인,2020,
20209927,습한 계절,Damp Season,중국,2020,
20200546,무언가 불타고 있다,Something is Burning,칠레(1),2020,
20200429,2020 한국영화아카데미 36기 졸업영화제 아이컨택 섹션F,,한국,2020,
20200428,2020 한국영화아카데미 36기 졸업영화제 아이컨택 섹션E,,한국,2020,
20200427,2020 한국영화아카데미 36기 졸업영화제 아이컨택 섹션D,,한국,2020,
20200443,2020 한국영화아카데미 36기 졸업영화제 아이컨택 섹션C,,한국,2020,
20200426,2020 한국영화아카데미 36기 졸업영화제 아이컨택 섹션B,,한국,2020,
20200425,2020 한국영화아카데미 36기 졸업영화제 아이컨택 섹션A,,한국,2020,
20200445,2020 한국영화아카데미 36기 졸업영화제 아이컨택 개막,,한국,2020,
20200464,엄마자격시험,Mother test,한국,2020,김경연
20200436,태권소녀,Taekwon girl,한국,2020,송혜령
20200458,터프보이,Tough Boy,한국,2020,
20200456,인사드리러 가는 날,Me as i am,한국,2020,
20200453,레드가 싫어요,I Don't want to be the RED,한국,2020,
20200431,멀리서 가까이,Distance,한국,2020,박준하
20200448,소녀 말숙,The Girl Malsook,한국,2020,
20200447,아빠가 돌아왔다,Father is back,한국,2020,민찬홍
20200192,"전혀아니다,별로아니다,가끔그렇다,항상그렇다",Never Rarely Sometimes Always,미국(1),2020,엘리자 히트먼
20208821,더 나이트 클럭,THE NIGHT CLERK,미국,2020,마이클 크리스토퍼
20209282,이모의유혹3,,한국,2020,원명준
20209166,배달노출2 : 초대남과 좋아죽는 와이프,Pizza Dare2,한국,2020,공자관
20209881,가슴 큰 옆집 소녀,,한국,2020,이동준
20209302,왕게임,,한국,2020,정도수
20209465,가슴 큰 뒷집소녀,,한국,2020,이동준
20209441,가슴 큰 울 엄마 2,,한국,2020,이동준
20209010,그녀와의 스와핑,,한국,2020,신효성
20205564,잠자는 숲 속의 미녀,The Sleeping Beauty,영국,2020,마리우스 프티파
20208783,부부교환의 목적2,,한국,2020,김석만
20208661,가슴 큰 새 누나 2,,한국,2020,이동준
20209525,여름의 거울 +자비에 돌란: 불가능을 넘어서,,캐나다,2020,
20207481,그분의 딸,the strongman's daughter,한국,2020,박영민
20208993,원 브레스,One Breath,러시아,2020,
20209481,가자 장미여관으로 4,,한국,2020,최우성
20209862,착한 여친 : 원하는 체위 다 해드려요,,일본,2020,히무 롯쿠
20209846,Film in Gangneung2020 ? 단편 섹션3,,한국,2020,
20209835,Film in Gangneung2020 ? 단편 섹션2,,한국,2020,
20209845,Film in Gangneung2020 ? 단편 섹션1,,한국,2020,
20209844,첫눈,,한국,2020,
20209833,크리스마스에 바다,,한국,2020,
20209829,용서,,한국,2020,
20209822,불량탐정: 먹이사슬 무삭제판,,한국,2020,리차드 킴
20209821,개미지옥,an Ant lion;s pit,한국,2020,
20209766,판타지 아일랜드,Fantasy Island,미국,2020,
20209682,안마방 : 내 아내가 된 에이스,,일본,2020,
20209702,인디다큐페스티발 2020 in 부산 단편섹션 2,,한국,2020,
20209701,인디다큐페스티발 2020 in 부산 단편섹션 1,,기타,2020,
20208921,연애 완전 정복,,한국,2020,김재현
20209623,수요단편극장-인디스토리 쇼케이스 될 성부른 단편전2,,한국,2020,
20209622,작은영화영화제 국가는 부모다 - 위로의시간,,한국,2020,
20209602,19th 필름다빈 프로젝트: 김해나 배우전,,한국,2020,
20209181,아랑의은밀한성감대,,한국,2020,성기만
20209621,2020 인디포럼 월례비행 5월,,한국,2020,
20207561,싸움의 기술 2,,한국,2020,김희성
20208265,루팡 3세: 더 퍼스트,Lupin III: The First,일본,2020,야마자키 타카시
20209542,BJ노는이모 무삭제,,한국,2020,최성은
20209541,극한수업 무삭제,,한국,2020,최성은
20209168,화끈한 처제의 맛,,한국,2020,김레이
20209287,블러드샷,Bloodshot,미국,2020,데이브 윌슨
20209521,"낫띵벗필름 기획전 - JJ, 너에 대한 그리움을 담아",,한국,2020,
20209023,디지몬 어드벤처 라스트 에볼루션 : 인연,Digimon Adventure: Last Evolution Kizuna,일본,2020,타구치 토모히사
20209422,조선의 별 박 에스더가 남긴 선물,,한국,2020,
20208941,가슴 큰 가인,,한국,2020,이동준
20209288,트로트,Trot,한국,2020,노홍식
20209342,현모양처: 더러운 불륜,,일본,2020,
20209341,임신 정복 초미녀 외계인,,일본,2020,히무 롯쿠
20209321,발정난 일본 여대생: 쾌락 쉐어 하우스,,일본,2020,
20208343,아내를 빌려드립니다,,한국,2020,노현진
20208184,윈터스 리벤지,WINTER,러시아,2020,세르게이 체르니코브
20206814,쌍둥이 여친 과외하기,,한국,2020,최정자
20208097,금의위: 황검의 비밀,Love Distance,중국,2020,
20209167,하숙집 : 그녀들의 신음소리,,한국,2020,
20208222,가슴 큰 울 엄마,,한국,2020,이동준
20207893,프리즌 이스케이프,ESCAPE FROM PRETORIA,영국(1),2020,
20208507,조선주먹,,한국,2020,윤여창
20206421,어린 작은엄마,,한국,2020,최민현
20208668,너무 큰 여선배,,한국,2020,천성준
20206441,마이 스파이,My Spy,미국,2020,피터 시걸
20207730,주인집 딸,,한국,2020,계장혁
20208992,대물 : 아내의 불륜 무삭제,,한국,2020,최찬호
20208842,SIDOF2020_전열/옥포만에 메아리칠 우리들의 노래를 위하여,,한국,2020,
20208841,SIDOF2020_2분 40초/중복/이화뉴스/영화운동의 함성,,한국,2020,
20208825,SIDOF2020_베트남의 젊은 인형극단/피플스 워,,기타,2020,
20208824,"SIDOF2020_투쟁하는 계급/소쇼, 1968년 6월 11일",,프랑스,2020,
20208823,SIDOF2020_이마무라 쇼헤이 입문/크리스마스/리:플레이/로맨틱 머신,,한국,2020,
20208822,SIDOF2020_숨은지혜찾기/불편/보담 : 더 나은 삶을 살아라,,한국,2020,
20208791,"SIDOF2020_혜나, 라힐맘/캐치볼/퀴어053",,한국,2020,
20208807,SIDOF2020_8mm/표해록/디어 엘리펀트,,한국,2020,
20205186,미용실 : 특별한 서비스 4,,한국,2020,이왕규
20208790,"SIDOF2020_길 위의 시간/안개, 장막/나는 사자다",,한국,2020,
20208789,SIDOF2020_낙/거리의 가능한 불행들/윤하,,한국,2020,
20208788,SIDOF2020_일하는 여자들/누구는 알고 누구는 모르는/호랑이와 소,,한국,2020,
20208805,SIDOF2020_개막식:누구는 알고 누구는 모르는/호랑이와 소,,한국,2020,
20205402,트롤: 월드 투어,Trolls World Tour,미국,2020,"월트 도른 , 데이빗 P.스미스"
20208310,맛있는 새엄마 무삭제판,Kinji rareta haitoku kan 2 akiyamashoko,일본,2020,사다오카 사다오
20208274,다시만난 동창 무삭제판,Hitodzuma Jokan Natsume Ayaka,일본,2020,니쿠 미코토
20208303,남편상사들 무삭제판,"Anata, yurushite - Akiyama Shoko",일본,2020,나기라 겐조
20206261,엄마친구 : 친구의 아들을 유혹하다,,한국,2020,최민현
20206404,시아버지와 착한 며느리,,한국,2020,최민현
20206405,동거 : 아내의 친구,,한국,2020,최민현
20206422,동거 : 아내의 친구 무삭제,,한국,2020,최민현
20208591,가슴 큰 새 누나,,한국,2020,이동준
20207364,착한아내의 불륜정사,,일본,2020,
20207362,내아내를 탐한 친누나,,일본,2020,
20207563,엄마와 딸의 은밀한 레슨,Her Secret Lesson,한국,2020,김석만
20207363,세자매의 불륜정사,,일본,2020,
20207381,뜨거운 장모님,,일본,2020,
20207005,젊은엄마5,,한국,2020,정도수
20206101,도둑냥,A stray cat,한국,2020,지풍승
20206609,어린 그녀,,한국,2020,정태준
20208787,SIDOF2020_폐막식:SIDOF2020 수상작,,한국,2020,
20208786,시골처녀 유혹하기 무삭제판,,한국,2020,이동준
20208784,오르가즘특강2 무삭제,,한국,2020,김석만
20208802,siff 2020 단편5 : 다가가고 싶은 오늘,,한국,2020,
20208801,siff 2020 단편2 : 비밀과 거짓말,,한국,2020,
20208781,siff 2020 단편1 : 세상에 모든 그녀들,,한국,2020,
20207465,배달노출 : 알몸으로 유혹하기,Pizza Dare1,한국,2020,공자관
20208744,82년생 박아라,,한국,2020,이상수
20208474,그녀의 비밀정원-무삭제판,,한국,2020,김인식
20207368,손빨래하는 여자,,한국,2020,최정자
20205321,킹 오브 프리즘 올 스타즈 -프리즘 쇼☆베스트10-,KING OF PRISM ALL STARS -PRISM SHOW☆BEST10-,일본,2020,히시다 마사카즈
20208687,육덕진 제자,,한국,2020,한동호
20208301,토네이도: 지구 재앙의 날,The Wind Walker,미국,2020,
20207464,사내정사: 은밀한 회의실,,한국,2020,이두희
20208625,봄 / 핵트 서킷 ?플레이포투데이,,기타,2020,
20208669,하모니카 / 네 개의 그림자들 ?플레이포투데이,,미국,2020,
20207101,헌트,The Hunt,미국,2020,크레이그 조벨
20207041,새아가,,한국,2020,계장혁
20206766,딸의 친구 5,,한국,2020,계장혁
20208620,오렌지필름 기획전 - 울고 싶을 땐 꼭 비가 오더라,,한국,2020,
20208619,인디포럼 월례비행 4월 이학민 편집감독과 함께 보는 편집세계,,한국,2020,
20208544,리듬 오브 리벤지,The Rhythm Section,영국,2020,리드 모라노
20208501,라이크 어 보스,Like a Boss,미국,2020,미구엘 아테타
20205223,리틀 노마드,LITTLE NOMADS,한국(2),2020,마민지
20205841,더 터닝,The Turning,미국,2020,플로리아 시지스몬디
20206184,민족,,한국,2020,이세원
20208311,아이스맨 레져렉션,Iceman: Resurrection,중국,2020,
20208275,공수도-극진파이터,The Empty Hands,홍콩,2020,
20208305,여친 엄마 4 무삭제,,한국,2020,최찬호
20207735,하우스 - 혼자가 아니야,You're not alone,미국,2020,에두아르도 로드리게스
20208083,당신이 집을 비운 사이,When your home is empty,한국,2020,강민구
20208143,한국에는 쥬라기공원이 있다?,Is there a jurassic park in South Korea?,한국,2020,강민구
20205842,가슴 큰 여자선배,,한국,2020,김진우
20208093,오렌지필름 mixtape vol.5 인디스페이스,,한국,2020,
20208090,오렌지필름 5주년 (MIXTAPE_VOL.5),,한국,2020,
20208086,4월 수요단편극장: JIFF 특별전: 사각지대를 비추는 거울,,한국,2020,
20208062,수춘도3: 금의지하,,중국,2020,
20204742,정승오 감독 특별전 (인디스데이),,한국,2020,정승오
20173832,미스터 좀비(감독판),,한국,2020,이수성
20204914,맛있는 스와핑 : 두자매 무삭제,,한국,2020,최민현
20205501,안마방 여대생들,,한국,2020,이종기
20207761,엄마친구 : 친구의 아들을 유혹하다 무삭제,,한국,2020,최민현
20207756,시아버지와 착한 며느리 무삭제,,한국,2020,최민현
20207623,불륜 수리공: 저도 고쳐 쓰세요,,일본,2020,
20207642,미망인: 과부의 쓸쓸한 가슴,,일본,2020,
20207621,인공수정: 아이를 갖고 싶어요,,일본,2020,아나콘다 아나키
20206805,섹시한형수,,한국,2020,이동준
20207263,친구엄마와 비밀친구,,일본,2020,
20207225,내여자의 불륜,,일본,2020,
20207490,"‘문화가 있는 주간’ 9월 움프극장 / 비러브드, 숨",,기타,2020,
20205282,어린 처제 4,,한국,2020,계장혁
20205922,불륜의 노예로 살다,,일본,2020,
20206063,원정녀 1호의 사연 무삭제,,한국,2020,최성은
20207421,4월 단편 상상극장-찬실이는 복도 많지,,한국,2020,
20205095,막내 처제 2,,한국,2020,정진호
20207343,오렌지필름 기획전 : 오렌지 필름 5주년 mixtape vol.5,,한국,2020,
20206603,시골처녀 유혹하기,,한국,2020,이동준
20207001,"오렌지필름 5주년, mixtape vol.5 - 오오극장",,한국,2020,
20206284,일진 나쁜녀석들,,한국,2020,이수성
20206864,형수 : 불륜관계,,한국,2020,최찬호
20206745,3월 수요단편극장 될성부를 단편전 1 : 그때 그 단편,,한국,2020,
20206721,사이비,The Fake,한국,2020,노홍식
20206608,너멍굴너머,Beyond Neomeonggul,한국,2020,허건
20206601,브이로그,,한국,2020,조윤호
20206263,동네 오빠들,,한국,2020,최정자
20205022,정사 : 친구의 엄마 3,,한국,2020,최찬호
20204681,더 보이 2: 돌아온 브람스,Brahms: The Boy Ⅱ,미국,2020,윌리엄 브렌트 벨
20205943,며느리의 뜨거운 봉사,,일본,2020,
20205942,며느리의 깊은 정사,,일본,2020,
20205462,시아버지의 일침,train of one's father-in-law,일본,2020,
20205921,예쁜 며느리,,일본,2020,
20205562,친척동생,,한국,2020,최성은
20205421,원정녀 2호의 사연,,한국,2020,최성은
20205367,형제의 여자,,한국,2020,최성은
20205441,여동생,,한국,2020,최성은
20204113,엔젤스 폴른,Angels Fallen,미국,2020,알리 자마니 에스마티
20193526,젠틀맨,The Gentlemen,미국,2020,가이 리치
20205537,굿와이프:아내체험현장,,한국,2020,한동호
20206055,싸움의 기술 무삭제,,한국,2020,김희성
20199842,인비저블맨,The Invisible Man,미국,2020,리 워넬
20154821,반항자,,한국,2020,강지석
20205714,오렌지필름 기획전 ? 이태안 리바이벌,,한국,2020,
20205712,낫띵벗필름 x <바람의 언덕> 커뮤니티 시네마 로드쇼,,한국,2020,"궁유정 , 김인선 , 안동기"
20205528,백조의 호수,Swan Lake,영국,2020,
20205527,라 보엠,La Boheme,영국,2020,리차드 존스
20205526,3월 단편 상상극장-찬실이는 복도 많지,,한국,2020,
20205505,피델리오,Fidelio,영국,2020,
20205184,맛있는 스와핑 : 두자매,,한국,2020,최민현
20205502,안마방 여대생들 무삭제,,한국,2020,이종기
20204970,비뇨기과 여의사들 2,,한국,2020,이왕규
20205255,제희,,한국,2020,이주혜
20205304,머리하는 날,,한국,2020,임소라
20205303,내가 뭐가 나빠(인디스데이),,한국,2020,
20205250,크림빵과 사이다,,한국,2020,선고은
20205203,미용실 : 특별한 서비스 4 무삭제,,한국,2020,이왕규
20198431,버즈 오브 프레이(할리 퀸의 황홀한 해방),BIRDS OF PREY (AND THE FANTABULOUS EMANCIPATION OF ONE HARLEY QUINN),미국,2020,캐시 얀
20205067,폐막식 - 2020 꽃심 어린이청소년 영화제,,한국,2020,
20205027,청소년경쟁2 - 2020 꽃심 어린이청소년 영화제,,한국,2020,
20205026,청소년초청 - 2020 꽃심 어린이청소년 영화제,,한국,2020,
20205025,일반경쟁2 - 2020 꽃심 어린이청소년 영화제,,한국,2020,
20205066,일반경쟁1 - 2020 꽃심 어린이청소년 영화제,,한국,2020,
20205024,청소년경쟁1 - 2020 꽃심 어린이청소년 영화제,,한국,2020,
20205023,일반초청 - 2020 꽃심 어린이청소년 영화제,,한국,2020,
20205065,개막식 - 2020 꽃심 어린이청소년 영화제,,한국,2020,
20204982,새출발,,한국,2020,김우석
20204969,2020 평창평화포럼 상영전,,한국,2020,
20204968,김현정 단편선,,한국,2020,
20204909,불꽃+스콜피오 라이징,Fireworks+Scorpio Rising,미국,2020,케네스 앵거
20204941,오오극장 개관5주년 특별전 - 대구독립단편 신작,,한국,2020,
20204558,오렌지필름기획전- *추신: 우리우정 영원히,,한국,2020,
20204557,18th 필름다빈 프로젝트: 임선우 배우전,,한국,2020,
20204722,(작은영화영화제)드라마틱 미쟝센,,한국,2020,
20204721,2월 단편 상상극장-겨울이 가면,,한국,2020,
20204642,하얼빈,,한국,2020,주경중
20204029,그대에게(가제),,한국,2020,
20203941,오렌지필름 기획전 - 미움(ㅁ)을 굴려보았더니,,한국,2020,
20191878,힙대디,,한국,2020,강윤성
20190625,조선소방수,,한국,2020,문현성
20190968,고발(가제),,한국,2020,정지영
20199287,나의 알바인생,,한국,2020,유동국
20198308,밤의 전쟁,Night War,한국,2020,노홍식
